{
    "transform": [
        [
            0.9710873365402222,
            0.20903800427913666,
            0.11529301106929779,
            -0.026326332241296768
        ],
        [
            0.11529301106929779,
            -0.8335665464401245,
            0.5402539372444153,
            0.06780638545751572
        ],
        [
            0.20903800427913666,
            -0.5113412737846375,
            -0.8335665464401245,
            0.0933254137635231
        ]
    ],
    "scale": 0.2139547126307789
}